"attribut";"groupe";"effectif";"taux_acceptation";"taux_defaut_observe";"pd_moyenne";"ecart_calibration";"auc_intra_groupe";"ratio_impact";"alerte"
"sexe";"F";4285;0,782497082847141;0,0842473745624271;0,0721494309482629;-0,0120979436141641;0,756600831307304;0,954604633571312;""
"sexe";"H";4110;0,81970802919708;0,0793187347931874;0,0650264998957615;-0,0142922348974258;0,76430101233479;1;""
"nationalite";"Française";7209;0,79886253294493;0,0832292967124428;0,0687518853674;-0,0144774113450427;0,762183764563474;0,976572077695673;""
"nationalite";"Hors UE";588;0,818027210884354;0,076530612244898;0,0663215064300048;-0,0102091058148932;0,679824022917946;1;""
"nationalite";"UE";598;0,806020066889632;0,0702341137123746;0,0698826735626369;-0,000351440149737689;0,817488866050017;0,985321828131193;""
"situation_familiale";"Célibataire";2601;0,799307958477509;0,0799692425990004;0,0701232623418655;-0,00984598025713493;0,734977217204025;0,994967061870757;""
"situation_familiale";"Couple";4297;0,803351175238538;0,079823132417966;0,067118526011491;-0,012704606406475;0,759506555711381;1;""
"situation_familiale";"Divorcé(e)/séparé(e)";1165;0,793991416309013;0,0849785407725322;0,0705706160179029;-0,0144079247546293;0,796544241666193;0,988349106570054;""
"situation_familiale";"Veuf(ve)";332;0,801204819277108;0,11144578313253;0,070498635245364;-0,0409471478871661;0,816399450297755;0,997328246939089;""
"tranche_age";"18-25";304;0,809210526315789;0,115131578947368;0,068352066358235;-0,0467795125891334;0,71789697291556;0,995213893739087;""
"tranche_age";"26-35";1929;0,800933125972006;0,0782789009849663;0,0683029256745614;-0,00997597531040488;0,78848173779602;0,985033868197799;""
"tranche_age";"36-50";3269;0,796879779749159;0,0835117773019272;0,0692672772797756;-0,0142445000221516;0,761215809113005;0,980048828648847;""
"tranche_age";"51-65";1855;0,798921832884097;0,0857142857142857;0,0693671406879037;-0,016347145026382;0,775572564376409;0,982560263665513;""
"tranche_age";"66+";1038;0,813102119460501;0,0664739884393064;0,0662553747419135;-0,000218613697392817;0,68033681817502;1;""
