"classe";"effectif";"defauts";"pd_classe";"taux_observe";"ic_inf";"ic_sup";"p_binomial"
1;345;7;0,00912106135986733;0,0202898550724638;0,00986241104881019;0,0412824811925237;0,0407017961255587
2;363;11;0,0177364864864865;0,0303030303030303;0,0170034198359389;0,0534397053870611;0,0617419690873455
3;332;9;0,0298755186721992;0,0271084337349398;0,0143261099282158;0,0507089184967748;0,661285184577833
4;675;34;0,0305174701459531;0,0503703703703704;0,0362667955230407;0,0695627142795861;0,00363137567509487
5;347;28;0,0514905149051491;0,0806916426512968;0,0564158118395633;0,11414971659554;0,0135618611693036
6;360;31;0,0623481781376518;0,0861111111111111;0,0613266872010041;0,119635259890192;0,0445421484936792
7;347;41;0,0828970331588133;0,118155619596542;0,0883021711434609;0,156370904579227;0,0143020460168225
8;321;62;0,126416739319965;0,193146417445483;0,153692839065806;0,239857477093992;0,000449422241648021
9;332;117;0,268402154398564;0,352409638554217;0,302977691795273;0,405217954018896;0,000471312826374806
