"variable";"classe";"effectif";"part";"defauts";"taux_defaut";"woe";"iv"
"age";"]-Inf ;  26]";601;0,0517880224041362;52;0,086522462562396;-0,24103771419414;0,00334415532791866
"age";"]  26 ;  29]";692;0,0596294700560103;55;0,0794797687861272;-0,148062062160045;0,00139531707664537
"age";"]  29 ;  55]";7466;0,643343386471349;527;0,0705866595231717;-0,012397178994565;9,94090574761865e-05
"age";"]  55 ;  63]";1216;0,104782421370099;81;0,0666118421052632;0,0449920228585582;0,000208200684245803
"age";"]  63 ; Inf]";1630;0,140456699698406;95;0,0582822085889571;0,188251773953955;0,00459460262546298
"type_contrat";"Fonctionnaire";1418;0,122188711762171;78;0,0550070521861777;0,248466014447413;0,00678767279845063
"type_contrat";"Retraité";1490;0,128392934080138;85;0,0570469798657718;0,210398695963634;0,00519741545180459
"type_contrat";"CDI";5654;0,487203791469194;352;0,0622568093385214;0,121649745746276;0,00684403430318946
"type_contrat";"Indépendant";1041;0,0897027143472641;88;0,0845341018251681;-0,212096445413648;0,00442603249195562
"type_contrat";"CDD/intérim";1394;0,120120637656183;140;0,100430416068867;-0,399948441407561;0,022854636770827
"type_contrat";"Sans emploi";608;0,0523912106850495;67;0,110197368421053;-0,507017849877677;0,0167935141460968
"revenu_mensuel";"]  -Inf ;  847.2]";581;0,0500646273158121;142;0,244406196213425;-1,46293760102371;0,1976516316332
"revenu_mensuel";"] 847.2 ; 1290.0]";1741;0,150021542438604;238;0,136703044227455;-0,74805162634005;0,115941874191222
"revenu_mensuel";"]1290.0 ; 1629.0]";1740;0,149935372684188;148;0,0850574712643678;-0,216757889236674;0,00773935475552425
"revenu_mensuel";"]1629.0 ; 2115.0]";2325;0,200344679017665;131;0,0563440860215054;0,225469339070232;0,00925182242249548
"revenu_mensuel";"]2115.0 ; 2575.0]";1736;0,149590693666523;68;0,0391705069124424;0,603613234483011;0,0422767134140033
"revenu_mensuel";"]2575.0 ; 3341.0]";1741;0,150021542438604;60;0,0344629523262493;0,73556484770329;0,0596646537504458
"revenu_mensuel";"]3341.0 ;    Inf]";1741;0,150021542438604;23;0,0132107983917289;1,70297335669954;0,221713933491924
"anciennete_emploi_mois";"] -Inf ;  42.0]";4319;0,372167169323567;289;0,0669136374160685;0,0442571012703679;0,000715331302699867
"anciennete_emploi_mois";"] 42.0 ;  83.0]";2368;0,204049978457561;159;0,0671452702702703;0,0392442839056575;0,00030910792720036
"anciennete_emploi_mois";"] 83.0 ; 152.4]";1869;0,161051271003878;132;0,0706260032102729;-0,0156133864275676;3,95431337456823e-05
"anciennete_emploi_mois";"]152.4 ;   Inf]";951;0,0819474364498061;78;0,082018927444795;-0,179823813654489;0,00286647258797798
"anciennete_emploi_mois";"manquant";2098;0,180784144765187;152;0,0724499523355577;-0,0426097474371936;0,000334437531406014
"statut_logement";"Propriétaire";3177;0,273761309780267;150;0,0472143531633617;0,412296072798079;0,0390663217186808
"statut_logement";"Locataire";4784;0,4122361051271;368;0,0769230769230769;-0,105571223884442;0,00480897752759771
"statut_logement";"Accédant, Hébergé";3644;0,314002585092633;292;0,0801317233809001;-0,150236369956315;0,00756324135322369
"nb_credits_en_cours";"]-Inf ;   0]";3832;0,330202498922878;200;0,0521920668058455;0,307628830257576;0,0274111537520786
"nb_credits_en_cours";"]   0 ;   1]";4107;0,353899181387333;280;0,0681762843925006;0,02416008412885;0,000204471879485448
"nb_credits_en_cours";"]   1 ;   2]";2327;0,200517018526497;199;0,0855178341211861;-0,221874769501949;0,0108671754289707
"nb_credits_en_cours";"]   2 ; Inf]";1339;0,115381301163292;131;0,0978342046303211;-0,371104969914519;0,0186668529866525
"montant_demande";"] -Inf ;  8800]";6450;0,555794915984489;405;0,0627906976744186;0,112715280618596;0,00672835845050528
"montant_demande";"] 8800 ; 10600]";1123;0,0967686342093925;81;0,0721282279608192;-0,0404593850140983;0,000161319594429322
"montant_demande";"]10600 ; 20100]";2882;0,248341232227488;210;0,0728660652324774;-0,0479493286634737;0,000583033732067454
"montant_demande";"]20100 ;   Inf]";1150;0,0990952175786299;114;0,0991304347826087;-0,386203209558698;0,0174790139401435
"duree_mois";"]-Inf ;  36]";4932;0,424989228780698;356;0,0721816707218167;-0,0368777654697544;0,000587289741983767
"duree_mois";"]  36 ;  48]";1643;0,141576906505816;118;0,0718198417528911;-0,0340687748586993;0,000166840478311848
"duree_mois";"]  48 ;  72]";3318;0,285911245152951;227;0,068414707655214;0,0200281321673804;0,000113727525920114
"duree_mois";"]  72 ; Inf]";1712;0,147522619560534;109;0,0636682242990654;0,0947861514364162;0,00127319814668435
"anciennete_banque_mois";"]-Inf ;  20]";2362;0,203532959931064;193;0,0817104149026249;-0,172258825671669;0,00650762030919758
"anciennete_banque_mois";"]  20 ;  38]";1748;0,150624730719517;133;0,0760869565217391;-0,0959350110159891;0,00144549639757643
"anciennete_banque_mois";"]  38 ;  81]";2870;0,247307195174494;198;0,0689895470383275;0,0107472243317174;2,84404157350331e-05
"anciennete_banque_mois";"]  81 ; 120]";1795;0,154674709177079;122;0,067966573816156;0,0253281722263619;9,81979275282807e-05
"anciennete_banque_mois";"] 120 ; 157]";1105;0,0952175786299009;72;0,065158371040724;0,067886498820956;0,000426556502659863
"anciennete_banque_mois";"] 157 ; Inf]";1725;0,148642826367945;92;0,0533333333333333;0,282038268082507;0,010487865181044
"jours_decouvert_6m";"]-Inf ;   0]";1263;0,10883239982766;19;0,0150435471100554;1,56684133779771;0,142927724211399
"jours_decouvert_6m";"]   0 ;   1]";1731;0,149159844894442;47;0,0271519352975159;0,979261033365774;0,095410811488971
"jours_decouvert_6m";"]   1 ;   2]";1653;0,142438604049978;52;0,0314579552329099;0,828649481011397;0,0692535672266335
"jours_decouvert_6m";"]   2 ;   4]";2561;0,220680741059888;124;0,0484185864896525;0,385189168527002;0,0278028153584
"jours_decouvert_6m";"]   4 ;   6]";1530;0,131839724256786;110;0,0718954248366013;-0,0354846381038026;0,000168658181471686
"jours_decouvert_6m";"]   6 ;   8]";903;0,0778112882378285;78;0,0863787375415282;-0,236342679868418;0,00481825853790537
"jours_decouvert_6m";"]   8 ; Inf]";1964;0,169237397673417;380;0,193482688391039;-1,162695316611;0,375189192978395
"incidents_12m";"]-Inf ;   0]";10146;0,874278328306764;588;0,0579538734476641;0,198375844828504;0,0316052824908675
"incidents_12m";"]   0 ; Inf]";1459;0,125721671693236;222;0,152159013022618;-0,873311925603687;0,139634545728071
"utilisation_revolving";"]  -Inf ; 0.1833]";837;0,0721240844463593;12;0,014336917562724;1,60102730061169;0,0977338594981347
"utilisation_revolving";"]0.1833 ; 0.3425]";1045;0,0900473933649289;47;0,0449760765550239;0,456291123375037;0,0154620832569756
"utilisation_revolving";"]0.3425 ; 0.4572]";628;0,0541146057733735;44;0,0700636942675159;-0,0139657267003093;1,06342038225949e-05
"utilisation_revolving";"]0.4572 ;    Inf]";1673;0,144161999138302;210;0,125523012552301;-0,650132865430734;0,0807143070251088
"utilisation_revolving";"manquant";7422;0,639551917277036;497;0,0669630827270278;0,044136655576268;0,00122252658707068
"epargne";"]   -Inf ;   491.2]";3482;0,300043084877208;350;0,100516944284894;-0,399007338144659;0,0567715246567896
"epargne";"]  491.2 ;   688.0]";582;0,0501507970702283;57;0,0979381443298969;-0,376668075926537;0,00838695617887872
"epargne";"]  688.0 ;  1260.0]";1159;0,0998707453683757;90;0,0776531492666091;-0,119636640623658;0,00150627470485084
"epargne";"] 1260.0 ;  3452.0]";2320;0,199913830245584;158;0,0681034482758621;0,0240323270484613;0,000114313337093261
"epargne";"] 3452.0 ;  5804.0]";1161;0,100043084877208;59;0,0508182601205857;0,330125976329179;0,00947937309392523
"epargne";"] 5804.0 ; 16870.0]";1740;0,149935372684188;69;0,0396551724137931;0,590916634849169;0,0408225863649862
"epargne";"]16870.0 ;     Inf]";1161;0,100043084877208;27;0,0232558139534884;1,13052798110713;0,0804488355450525
"taux_endettement";"]  -Inf ; 0.1680]";1741;0,150021542438604;49;0,0281447443997702;0,942756016771547;0,0902263474711778
"taux_endettement";"]0.1680 ; 0.1984]";581;0,0500646273158121;25;0,0430292598967298;0,493755400110981;0,00991816158607519
"taux_endettement";"]0.1984 ; 0.2852]";1740;0,149935372684188;82;0,0471264367816092;0,411637246606234;0,0213391957070458
"taux_endettement";"]0.2852 ; 0.5050]";4062;0,350021542438604;228;0,0561299852289513;0,231024798430417;0,0169270844296892
"taux_endettement";"]0.5050 ; 0.6615]";1740;0,149935372684188;178;0,102298850574713;-0,419779538049375;0,0316925955341773
"taux_endettement";"]0.6615 ; 0.9873]";1160;0,0999569151227919;152;0,131034482758621;-0,700178557093438;0,0663327498424912
"taux_endettement";"]0.9873 ;    Inf]";581;0,0500646273158121;96;0,165232358003442;-0,973597039053798;0,0721336731844597
"reste_a_vivre";"]-Inf ;  129]";1162;0,100129254631624;199;0,171256454388985;-1,01447506691573;0,159165258923854
"reste_a_vivre";"] 129 ;  273]";584;0,0503231365790607;94;0,160958904109589;-0,942407873934517;0,0670608928126045
"reste_a_vivre";"] 273 ;  482]";1159;0,0998707453683757;144;0,124245038826575;-0,639376444972285;0,0538470290381968
"reste_a_vivre";"] 482 ;  756]";1738;0,149763033175355;141;0,0811277330264672;-0,16533784927184;0,00439885747206594
"reste_a_vivre";"] 756 ; 1159]";2320;0,199913830245584;117;0,0504310344827586;0,34213063225759;0,0202338058851423
"reste_a_vivre";"]1159 ; 2376]";3483;0,300129254631624;101;0,0289979902383003;0,917078243122863;0,172496601280424
"reste_a_vivre";"]2376 ;  Inf]";1159;0,0998707453683757;14;0,0120793787748059;1,78021453402678;0,15704845343356
"ratio_montant_revenu";"]   -Inf ; 0.08302]";581;0,0500646273158121;9;0,0154905335628227;1,50948761838166;0,0623572291930792
"ratio_montant_revenu";"]0.08302 ; 0.11410]";583;0,0502369668246445;16;0,0274442538593482;0,948647050008785;0,0305562970388079
"ratio_montant_revenu";"]0.11410 ; 0.38100]";5219;0,449719948298147;249;0,0477102893274574;0,402583484020389;0,0614296721814125
"ratio_montant_revenu";"]0.38100 ; 0.53440]";1740;0,149935372684188;131;0,0752873563218391;-0,0845613193191943;0,00111245733484909
"ratio_montant_revenu";"]0.53440 ; 0.71340]";1162;0,100129254631624;104;0,0895008605851979;-0,273812299270184;0,00845604778414365
"ratio_montant_revenu";"]0.71340 ; 1.44500]";1739;0,149849202929772;193;0,110983323749281;-0,51076123878495;0,0487712544967258
"ratio_montant_revenu";"]1.44500 ;     Inf]";581;0,0500646273158121;108;0,185886402753873;-1,11583157879462;0,100432780979316
