"variable";"classe";"effectif";"part";"defauts";"taux_defaut";"woe";"iv";"coefficient";"points"
"jours_decouvert_6m";"]-Inf ;   0]";1263;0,10883239982766;19;0,0150435471100554;1,56684133779771;0,142927724211399;-0,582620156144484;98
"jours_decouvert_6m";"]   0 ;   1]";1731;0,149159844894442;47;0,0271519352975159;0,979261033365774;0,095410811488971;-0,582620156144484;89
"jours_decouvert_6m";"]   1 ;   2]";1653;0,142438604049978;52;0,0314579552329099;0,828649481011397;0,0692535672266335;-0,582620156144484;86
"jours_decouvert_6m";"]   2 ;   4]";2561;0,220680741059888;124;0,0484185864896525;0,385189168527002;0,0278028153584;-0,582620156144484;79
"jours_decouvert_6m";"]   4 ;   6]";1530;0,131839724256786;110;0,0718954248366013;-0,0354846381038026;0,000168658181471686;-0,582620156144484;72
"jours_decouvert_6m";"]   6 ;   8]";903;0,0778112882378285;78;0,0863787375415282;-0,236342679868418;0,00481825853790537;-0,582620156144484;68
"jours_decouvert_6m";"]   8 ; Inf]";1964;0,169237397673417;380;0,193482688391039;-1,162695316611;0,375189192978395;-0,582620156144484;53
"revenu_mensuel";"]  -Inf ;  847.2]";581;0,0500646273158121;142;0,244406196213425;-1,46293760102371;0,1976516316332;-0,431119282372407;54
"revenu_mensuel";"] 847.2 ; 1290.0]";1741;0,150021542438604;238;0,136703044227455;-0,74805162634005;0,115941874191222;-0,431119282372407;63
"revenu_mensuel";"]1290.0 ; 1629.0]";1740;0,149935372684188;148;0,0850574712643678;-0,216757889236674;0,00773935475552425;-0,431119282372407;69
"revenu_mensuel";"]1629.0 ; 2115.0]";2325;0,200344679017665;131;0,0563440860215054;0,225469339070232;0,00925182242249548;-0,431119282372407;75
"revenu_mensuel";"]2115.0 ; 2575.0]";1736;0,149590693666523;68;0,0391705069124424;0,603613234483011;0,0422767134140033;-0,431119282372407;80
"revenu_mensuel";"]2575.0 ; 3341.0]";1741;0,150021542438604;60;0,0344629523262493;0,73556484770329;0,0596646537504458;-0,431119282372407;81
"revenu_mensuel";"]3341.0 ;    Inf]";1741;0,150021542438604;23;0,0132107983917289;1,70297335669954;0,221713933491924;-0,431119282372407;93
"taux_endettement";"]  -Inf ; 0.1680]";1741;0,150021542438604;49;0,0281447443997702;0,942756016771547;0,0902263474711778;-0,346027222266083;82
"taux_endettement";"]0.1680 ; 0.1984]";581;0,0500646273158121;25;0,0430292598967298;0,493755400110981;0,00991816158607519;-0,346027222266083;77
"taux_endettement";"]0.1984 ; 0.2852]";1740;0,149935372684188;82;0,0471264367816092;0,411637246606234;0,0213391957070458;-0,346027222266083;76
"taux_endettement";"]0.2852 ; 0.5050]";4062;0,350021542438604;228;0,0561299852289513;0,231024798430417;0,0169270844296892;-0,346027222266083;74
"taux_endettement";"]0.5050 ; 0.6615]";1740;0,149935372684188;178;0,102298850574713;-0,419779538049375;0,0316925955341773;-0,346027222266083;68
"taux_endettement";"]0.6615 ; 0.9873]";1160;0,0999569151227919;152;0,131034482758621;-0,700178557093438;0,0663327498424912;-0,346027222266083;65
"taux_endettement";"]0.9873 ;    Inf]";581;0,0500646273158121;96;0,165232358003442;-0,973597039053798;0,0721336731844597;-0,346027222266083;62
"epargne";"]   -Inf ;   491.2]";3482;0,300043084877208;350;0,100516944284894;-0,399007338144659;0,0567715246567896;-0,279648764742818;69
"epargne";"]  491.2 ;   688.0]";582;0,0501507970702283;57;0,0979381443298969;-0,376668075926537;0,00838695617887872;-0,279648764742818;69
"epargne";"]  688.0 ;  1260.0]";1159;0,0998707453683757;90;0,0776531492666091;-0,119636640623658;0,00150627470485084;-0,279648764742818;71
"epargne";"] 1260.0 ;  3452.0]";2320;0,199913830245584;158;0,0681034482758621;0,0240323270484613;0,000114313337093261;-0,279648764742818;72
"epargne";"] 3452.0 ;  5804.0]";1161;0,100043084877208;59;0,0508182601205857;0,330125976329179;0,00947937309392523;-0,279648764742818;75
"epargne";"] 5804.0 ; 16870.0]";1740;0,149935372684188;69;0,0396551724137931;0,590916634849169;0,0408225863649862;-0,279648764742818;77
"epargne";"]16870.0 ;     Inf]";1161;0,100043084877208;27;0,0232558139534884;1,13052798110713;0,0804488355450525;-0,279648764742818;81
"utilisation_revolving";"]  -Inf ; 0.1833]";837;0,0721240844463593;12;0,014336917562724;1,60102730061169;0,0977338594981347;-0,314099042442482;87
"utilisation_revolving";"]0.1833 ; 0.3425]";1045;0,0900473933649289;47;0,0449760765550239;0,456291123375037;0,0154620832569756;-0,314099042442482;76
"utilisation_revolving";"]0.3425 ; 0.4572]";628;0,0541146057733735;44;0,0700636942675159;-0,0139657267003093;1,06342038225949e-05;-0,314099042442482;72
"utilisation_revolving";"]0.4572 ;    Inf]";1673;0,144161999138302;210;0,125523012552301;-0,650132865430734;0,0807143070251088;-0,314099042442482;66
"utilisation_revolving";"manquant";7422;0,639551917277036;497;0,0669630827270278;0,044136655576268;0,00122252658707068;-0,314099042442482;73
"incidents_12m";"]-Inf ;   0]";10146;0,874278328306764;588;0,0579538734476641;0,198375844828504;0,0316052824908675;-0,488963739075878;75
"incidents_12m";"]   0 ; Inf]";1459;0,125721671693236;222;0,152159013022618;-0,873311925603687;0,139634545728071;-0,488963739075878;60
"type_contrat";"Fonctionnaire";1418;0,122188711762171;78;0,0550070521861777;0,248466014447413;0,00678767279845063;-0,522416130874064;76
"type_contrat";"Retraité";1490;0,128392934080138;85;0,0570469798657718;0,210398695963634;0,00519741545180459;-0,522416130874064;75
"type_contrat";"CDI";5654;0,487203791469194;352;0,0622568093385214;0,121649745746276;0,00684403430318946;-0,522416130874064;74
"type_contrat";"Indépendant";1041;0,0897027143472641;88;0,0845341018251681;-0,212096445413648;0,00442603249195562;-0,522416130874064;69
"type_contrat";"CDD/intérim";1394;0,120120637656183;140;0,100430416068867;-0,399948441407561;0,022854636770827;-0,522416130874064;66
"type_contrat";"Sans emploi";608;0,0523912106850495;67;0,110197368421053;-0,507017849877677;0,0167935141460968;-0,522416130874064;64
"statut_logement";"Propriétaire";3177;0,273761309780267;150;0,0472143531633617;0,412296072798079;0,0390663217186808;-0,96477881218986;84
"statut_logement";"Locataire";4784;0,4122361051271;368;0,0769230769230769;-0,105571223884442;0,00480897752759771;-0,96477881218986;69
"statut_logement";"Accédant, Hébergé";3644;0,314002585092633;292;0,0801317233809001;-0,150236369956315;0,00756324135322369;-0,96477881218986;68
