"seuil";"taux_acceptation";"pd_moyenne_acceptes";"taux_defaut_acceptes";"rentabilite_esperee"
497;1;0,0676192126611398;0,0697767946913332;879414,724914649
528;0,98089684295194;0,0619950322747403;0,0637556375563756;1031709,37868838
535;0,964206716267846;0,0583486056875705;0,0588112617309698;1130928,3736427
541;0,941484013673839;0,0542183747492724;0,0546774882528834;1243850,16745153
545;0,921576513171124;0,0510991210377203;0,0514946541566659;1305191,92253903
550;0,901467926804746;0,0483479622220825;0,047735891144323;1351117,27450571
553;0,883169113211341;0,0460998462856103;0,0469034608378871;1384486,33041997
556;0,866277900663583;0,0442280634922238;0,0454967502321263;1408025,97380598
559;0,844761713251558;0,0420413260900907;0,0435610568912164;1430747,53335132
562;0,825457470339835;0,0402478466708565;0,0416565164433618;1444828,52632761
565;0,80554996983712;0,0385569282306055;0,0399400898652022;1451049,83700609
568;0,78001206515182;0,0366018464413867;0,0389275586491364;1450833,77909025
570;0,761713251558415;0,035285661162632;0,0377507919746568;1446250,91766537
572;0,744620953146994;0,034132194342203;0,0378071833648393;1439721,45028381
574;0,725919967826262;0,0329447449940651;0,0365650969529086;1428878,03620842
576;0,706414639050875;0,0317662872552143;0,0364360945061201;1414101,92829159
578;0,685501709229841;0,0305748614146819;0,0354942798474626;1393389,59638517
580;0,662980092499497;0,029354989469556;0,0339702760084926;1368391,97844065
581;0,65091494067967;0,0287255509886813;0,0336731541550819;1354463,82070154
583;0,622964005630404;0,0273041976856461;0,0316333118140736;1318789,18857441
585;0,60044238890006;0,0262143231748949;0,0311453449430677;1289160,98348529
586;0,588980494671225;0,025678830502828;0,0310686241037897;1271374,30503887
588;0,564045847576915;0,0245447468474444;0,0285204991087344;1233702,33530547
589;0,553790468530062;0,0241008446963951;0,028322440087146;1216599,30950625
592;0,520812386889202;0,022721328846876;0,0266409266409266;1163922,33200457
593;0,507741805751056;0,0222048088488309;0,0269306930693069;1138473,98786802
595;0,482606072793083;0,0212435821643523;0,0266666666666667;1091608,26350792
596;0,471345264427911;0,0208286989960323;0,0264505119453925;1067688,3493529
598;0,441182384878343;0,0197306835898904;0,0255241567912489;1014204,81562749
599;0,427508546149206;0,019241535234365;0,0244590780809031;989106,417302657
600;0,412226020510758;0,018702358633636;0,0224390243902439;959915,606011567
