date,valeur
1,50
2,50.3902
3,51.0072
4,51.8155
5,52.1868
6,50.3314
7,48.1195
8,46.9209
9,46.4875
10,46.6894
11,45.0389
12,43.222
13,41.578
14,40.5858
15,39.2128
16,38.3343
17,38.963
18,40.2836
19,41.752
20,41.989
21,42.582
22,43.9482
23,45.7247
24,45.1573
25,44.4802
26,44.6773
27,46.4122
28,46.9009
29,48.2036
30,50.0719
31,52.6456
32,54.2102
33,53.7853
34,53.8275
35,55.2529
36,55.0647
37,54.5285
38,53.866
39,54.3449
40,53.6253
41,52.4644
42,51.2374
43,50.8325
44,49.9951
45,49.7628
46,49.7485
47,50.115
48,51.8785
49,52.1857
50,51.8136
51,54.012
52,56.2246
53,58.1079
54,61.0353
55,61.969
56,62.6327
57,62.045
58,62.0675
59,62.7414
60,61.773
61,61.5685
62,60.6195
63,59.1697
64,57.0195
65,54.603
66,53.0013
67,51.6441
68,52.3216
69,53.3011
70,54.0241
71,54.8954
72,54.1108
73,54.1966
74,53.779
75,52.6666
76,53.1404
77,52.1537
78,52.0072
79,51.7178
80,52.1312
81,52.9485
82,53.7551
83,54.2075
84,53.2078
85,52.1712
86,51.9241
87,50.6572
88,51.0317
89,51.3299
90,53.4197
91,54.0161
92,53.4388
93,51.5174
94,50.1322
95,47.3761
96,46.4031
97,45.4414
98,44.3571
99,43.1346
100,39.824
101,37.8194
102,35.6249
103,34.3141
104,31.6128
105,28.3521
106,26.4635
107,25.4088
108,24.7577
109,25.8538
110,27.4166
111,28.8519
112,28.7468
113,27.6309
114,26.6607
115,27.2676
116,26.2613
117,25.1694
118,23.9025
119,23.0832
120,23.0162
121,21.6877
122,19.7024
123,17.8305
124,17.2487
125,16.6231
126,17.4941
127,17.853
128,17.5587
129,18.5835
130,18.7631
131,19.4846
132,20.4416
133,20.4473
134,18.2236
135,16.6662
136,16.9349
137,15.7954
138,15.2476
139,13.7039
140,13.878
141,13.7225
142,13.3864
143,12.6963
144,12.1005
145,11.6493
146,10.9354
147,10.1013
148,10.0767
149,9.8165
150,7.9442
151,5.3386
152,4.545
153,3.2158
154,2.6829
155,1.5777
156,1.3607
157,0.6821
158,-0.8031
159,-2.1465
160,-4.0796
161,-4.8598
162,-4.8439
163,-5.4154
164,-4.7951
165,-4.6831
166,-4.6438
167,-4.3852
168,-2.8558
169,-0.4591
170,1.1704
171,1.7139
172,2.7021
173,4.214
174,5.065
175,4.3743
176,4.2963
177,4.8173
178,4.5222
179,3.2701
180,2.7271
181,1.6164
182,0.7429
183,1.8108
184,2.2722
185,3.5594
186,3.7389
187,4.0957
188,6.1577
189,6.9912
190,6.6305
191,6.9255
192,7.4598
193,7.4403
194,6.4114
195,5.0645
196,4.9041
197,7.4856
198,11.1568
199,14.9051
200,17.356
201,17.0954
202,16.6719
203,15.3305
204,15.2169
205,12.9866
206,11.7011
207,11.8685
208,13.7056
209,15.2915
210,17.501
211,19.5623
212,21.4947
213,21.8386
214,22.6732
215,23.0339
216,22.0216
217,21.1247
218,20.7089
219,19.4998
220,17.7139
221,16.1351
222,16.3722
223,16.5176
224,16.3399
225,15.5514
226,17.0573
227,17.0925
228,18.3121
229,19.4641
230,20.4255
231,21.3575
232,22.554
233,22.3338
234,23.1195
235,23.3861
236,22.7458
237,24.26
238,24.4241
239,26.9878
240,28.2491
241,29.2209
242,28.477
243,27.7397
244,26.9295
245,25.9583
246,24.7922
247,22.5744
248,21.3828
249,22.4419
250,23.1459
251,22.7881
252,23.0107
253,23.3315
254,22.1815
255,23.5057
256,23.9773
257,24.4771
258,22.9001
259,23.1407
260,22.8071
261,22.6666
262,19.093
263,15.5723
264,11.7703
265,8.8088
266,7.2992
267,3.1675
268,-0.1862
269,-0.3573
270,-0.1083
271,1.0907
272,2.5818
273,4.1578
274,5.8765
275,6.8813
276,7.4975
277,8.5615
278,9.3293
279,9.3236
280,8.6046
281,6.093
282,4.284
283,2.6123
284,1.8057
285,5.0063
286,7.231
287,10.0837
288,11.4695
289,12.3391
290,11.6469
291,13.2285
292,13.4712
293,13.1249
294,13.7107
295,13.7192
296,13.2652
297,14.4862
298,15.6051
299,16.0517
300,15.8101
